Date,Open,High,Low,Close,Adj Close,Volume
2022-01-01,3676.22000000,3776.45000000,3673.46000000,3765.54000000,3765.54000000,154143.89680000
2022-01-02,3765.54000000,3857.44000000,3717.30000000,3828.27000000,3828.27000000,154791.42630000
2022-01-03,3828.11000000,3853.09000000,3680.00000000,3765.89000000,3765.89000000,236245.85860000
2022-01-04,3765.89000000,3900.73000000,3713.11000000,3785.11000000,3785.11000000,288258.55490000
2022-01-05,3785.10000000,3848.00000000,3415.00000000,3540.63000000,3540.63000000,397942.03630000
2022-01-06,3539.82000000,3550.43000000,3300.00000000,3406.81000000,3406.81000000,496745.74130000
2022-01-07,3406.81000000,3416.76000000,3064.42000000,3199.24000000,3199.24000000,669631.72620000
2022-01-08,3198.68000000,3250.00000000,3000.00000000,3080.95000000,3080.95000000,400692.10610000
2022-01-09,3080.98000000,3211.72000000,3057.35000000,3151.97000000,3151.97000000,275874.16430000
2022-01-10,3151.97000000,3185.00000000,2928.83000000,3082.68000000,3082.68000000,529818.38660000
2022-01-11,3082.87000000,3263.54000000,3051.80000000,3239.72000000,3239.72000000,362446.70870000
2022-01-12,3239.73000000,3411.43000000,3206.20000000,3371.26000000,3371.26000000,370465.80150000
2022-01-13,3371.60000000,3410.00000000,3233.43000000,3240.61000000,3240.61000000,336234.87990000
2022-01-14,3240.61000000,3342.79000000,3188.00000000,3307.42000000,3307.42000000,285326.35050000
2022-01-15,3307.42000000,3371.64000000,3261.00000000,3326.04000000,3326.04000000,203100.37780000
2022-01-16,3326.51000000,3393.60000000,3269.62000000,3346.88000000,3346.88000000,210782.22770000
2022-01-17,3346.89000000,3357.57000000,3141.10000000,3209.67000000,3209.67000000,284063.65480000
2022-01-18,3209.68000000,3243.87000000,3082.00000000,3159.85000000,3159.85000000,299134.27280000
2022-01-19,3159.85000000,3174.87000000,3000.00000000,3084.02000000,3084.02000000,332996.57030000
2022-01-20,3084.02000000,3273.37000000,2987.15000000,3001.48000000,3001.48000000,357596.70620000
2022-01-21,3001.48000000,3034.12000000,2403.00000000,2568.15000000,2568.15000000,1022021.70024000
2022-01-22,2567.47000000,2626.00000000,2300.00000000,2412.18000000,2412.18000000,1081357.54893000
2022-01-23,2412.18000000,2556.78000000,2370.80000000,2539.01000000,2539.01000000,580497.76130000
2022-01-24,2539.00000000,2539.75000000,2159.00000000,2439.29000000,2439.29000000,1123134.70389000
2022-01-25,2439.56000000,2506.55000000,2348.96000000,2458.83000000,2458.83000000,510152.95400000
2022-01-26,2459.04000000,2722.00000000,2402.03000000,2462.99000000,2462.99000000,806441.62289000
2022-01-27,2463.00000000,2521.00000000,2316.43000000,2424.25000000,2424.25000000,599481.71590000
2022-01-28,2424.02000000,2558.98000000,2357.88000000,2544.99000000,2544.99000000,485149.80650000
2022-01-29,2544.99000000,2636.66000000,2520.01000000,2601.43000000,2601.43000000,376666.82460000
2022-01-30,2601.43000000,2640.00000000,2542.50000000,2601.68000000,2601.68000000,290770.08590000
2022-01-31,2601.67000000,2706.77000000,2476.07000000,2686.94000000,2686.94000000,444584.85100000
2022-02-01,2686.94000000,2813.00000000,2673.52000000,2787.23000000,2787.23000000,390034.27362000
2022-02-02,2787.48000000,2810.88000000,2612.72000000,2680.67000000,2680.67000000,447852.12280000
2022-02-03,2680.25000000,2726.64000000,2576.05000000,2695.46000000,2695.46000000,405043.39310000
2022-02-04,2695.21000000,2995.00000000,2671.40000000,2994.99000000,2994.99000000,664002.93280000
2022-02-05,2994.99000000,3060.47000000,2958.01000000,3012.65000000,3012.65000000,356803.30710000
2022-02-06,3012.64000000,3074.56000000,2950.21000000,3054.99000000,3054.99000000,249394.59660000
2022-02-07,3055.00000000,3186.00000000,2991.80000000,3139.77000000,3139.77000000,455070.25290000
2022-02-08,3139.77000000,3232.87000000,3025.21000000,3116.69000000,3116.69000000,514773.58370000
2022-02-09,3116.69000000,3269.70000000,3055.00000000,3243.94000000,3243.94000000,370267.89130000
2022-02-10,3243.60000000,3283.66000000,3056.74000000,3072.49000000,3072.49000000,578212.83830000
2022-02-11,3072.36000000,3138.62000000,2879.00000000,2927.54000000,2927.54000000,462025.87510000
2022-02-12,2927.54000000,2985.98000000,2858.30000000,2918.88000000,2918.88000000,336250.31310000
2022-02-13,2918.58000000,2954.40000000,2836.70000000,2871.13000000,2871.13000000,242751.35470000
2022-02-14,2871.14000000,2964.97000000,2829.01000000,2929.75000000,2929.75000000,381778.23800000
2022-02-15,2929.75000000,3196.19000000,2912.06000000,3183.52000000,3183.52000000,448971.75400000
2022-02-16,3183.53000000,3186.77000000,3044.03000000,3122.30000000,3122.30000000,319997.62440000
2022-02-17,3122.31000000,3160.00000000,2851.55000000,2891.87000000,2891.87000000,488693.26240000
2022-02-18,2891.88000000,2943.97000000,2750.00000000,2779.48000000,2779.48000000,502977.40690000
2022-02-19,2779.30000000,2830.96000000,2694.45000000,2763.63000000,2763.63000000,293838.00250000
2022-02-20,2763.63000000,2764.64000000,2576.00000000,2621.99000000,2621.99000000,386384.90400000
2022-02-21,2621.99000000,2759.51000000,2558.00000000,2568.02000000,2568.02000000,761838.98580000
2022-02-22,2568.03000000,2665.74000000,2500.00000000,2636.29000000,2636.29000000,692639.49420000
2022-02-23,2636.28000000,2753.55000000,2575.83000000,2579.71000000,2579.71000000,504470.14120000
2022-02-24,2579.70000000,2740.00000000,2300.00000000,2596.20000000,2596.20000000,1395732.77530000
2022-02-25,2596.26000000,2834.97000000,2571.72000000,2768.49000000,2768.49000000,679394.17620000
2022-02-26,2768.05000000,2878.00000000,2727.50000000,2779.47000000,2779.47000000,418485.25290000
2022-02-27,2779.47000000,2836.33000000,2557.98000000,2616.79000000,2616.79000000,650198.77850000
2022-02-28,2616.79000000,2951.60000000,2568.62000000,2920.95000000,2920.95000000,733794.44880000
2022-03-01,2920.83000000,3037.94000000,2854.09000000,2976.33000000,2976.33000000,673901.69760000
2022-03-02,2976.33000000,3043.91000000,2914.21000000,2947.30000000,2947.30000000,614623.74610000
2022-03-03,2947.31000000,2970.97000000,2785.00000000,2833.99000000,2833.99000000,446192.23530000
2022-03-04,2834.00000000,2836.17000000,2573.00000000,2622.10000000,2622.10000000,556178.75880000
2022-03-05,2622.11000000,2685.12000000,2589.38000000,2665.15000000,2665.15000000,268730.30360000
2022-03-06,2665.16000000,2676.29000000,2535.00000000,2551.29000000,2551.29000000,336487.90990000
2022-03-07,2551.30000000,2649.00000000,2445.00000000,2491.12000000,2491.12000000,620171.67870000
2022-03-08,2491.12000000,2624.00000000,2480.15000000,2575.97000000,2575.97000000,561659.74210000
2022-03-09,2575.98000000,2775.85000000,2567.70000000,2726.98000000,2726.98000000,562771.74030000
2022-03-10,2726.98000000,2733.25000000,2550.27000000,2606.70000000,2606.70000000,559029.93770000
2022-03-11,2606.69000000,2676.78000000,2522.57000000,2556.86000000,2556.86000000,494583.65680000
2022-03-12,2556.86000000,2616.79000000,2553.39000000,2568.80000000,2568.80000000,219236.57110000
2022-03-13,2568.80000000,2603.32000000,2493.00000000,2515.65000000,2515.65000000,316942.16010000
2022-03-14,2515.66000000,2609.60000000,2498.67000000,2589.41000000,2589.41000000,386630.19120000
2022-03-15,2589.42000000,2669.00000000,2507.00000000,2617.73000000,2617.73000000,461202.30140000
2022-03-16,2617.74000000,2788.00000000,2603.38000000,2773.81000000,2773.81000000,666224.72170000
2022-03-17,2773.80000000,2836.00000000,2746.42000000,2811.92000000,2811.92000000,379312.54100000
2022-03-18,2811.91000000,2984.00000000,2765.59000000,2938.92000000,2938.92000000,556535.79660000
2022-03-19,2938.84000000,2987.70000000,2890.86000000,2950.84000000,2950.84000000,325971.53980000
2022-03-20,2950.85000000,2964.17000000,2817.21000000,2861.38000000,2861.38000000,377608.82140000
2022-03-21,2861.39000000,2960.57000000,2829.81000000,2890.03000000,2890.03000000,450223.90730000
2022-03-22,2890.03000000,3052.85000000,2886.43000000,2969.64000000,2969.64000000,564868.98390000
2022-03-23,2969.64000000,3045.20000000,2920.65000000,3036.00000000,3036.00000000,453962.72980000
2022-03-24,3035.99000000,3129.11000000,2999.11000000,3110.76000000,3110.76000000,577171.52390000
2022-03-25,3110.75000000,3193.28000000,3076.00000000,3102.14000000,3102.14000000,489099.55720000
2022-03-26,3102.13000000,3153.20000000,3084.90000000,3145.00000000,3145.00000000,207134.84700000
2022-03-27,3145.01000000,3299.37000000,3126.02000000,3295.65000000,3295.65000000,335467.41450000
2022-03-28,3295.65000000,3431.15000000,3275.01000000,3332.92000000,3332.92000000,527237.11330000
2022-03-29,3332.91000000,3481.87000000,3329.68000000,3400.51000000,3400.51000000,465899.82260000
2022-03-30,3400.51000000,3446.90000000,3331.84000000,3385.79000000,3385.79000000,356082.52310000
2022-03-31,3385.80000000,3444.83000000,3261.35000000,3281.51000000,3281.51000000,455091.23950000
2022-04-01,3281.51000000,3481.29000000,3210.68000000,3455.21000000,3455.21000000,532169.23920000
2022-04-02,3455.20000000,3532.20000000,3433.14000000,3443.77000000,3443.77000000,499893.29000000
2022-04-03,3443.77000000,3580.34000000,3412.11000000,3521.91000000,3521.91000000,381581.76830000
2022-04-04,3521.90000000,3547.00000000,3405.97000000,3519.50000000,3519.50000000,449984.15860000
2022-04-05,3519.50000000,3555.00000000,3400.00000000,3406.99000000,3406.99000000,397782.74370000
2022-04-06,3407.00000000,3407.50000000,3162.39000000,3168.51000000,3168.51000000,736273.10470000
2022-04-07,3168.52000000,3268.98000000,3143.15000000,3227.19000000,3227.19000000,458179.32720000
2022-04-08,3227.20000000,3314.02000000,3173.52000000,3192.39000000,3192.39000000,502422.50480000
2022-04-09,3192.39000000,3268.40000000,3181.28000000,3258.57000000,3258.57000000,212444.25660000
2022-04-10,3258.57000000,3307.22000000,3193.00000000,3203.04000000,3203.04000000,232303.23260000
2022-04-11,3203.04000000,3213.63000000,2950.00000000,2979.74000000,2979.74000000,693394.29120000
2022-04-12,2979.75000000,3085.00000000,2950.00000000,3027.66000000,3027.66000000,579522.95050000
2022-04-13,3027.65000000,3128.97000000,2996.86000000,3118.28000000,3118.28000000,419101.49400000
2022-04-14,3118.28000000,3145.00000000,2976.30000000,3021.98000000,3021.98000000,408382.55720000
2022-04-15,3021.98000000,3060.92000000,2993.13000000,3040.56000000,3040.56000000,249626.29810000
2022-04-16,3040.57000000,3086.10000000,3010.03000000,3059.30000000,3059.30000000,176352.41650000
2022-04-17,3059.30000000,3083.00000000,2981.70000000,2988.06000000,2988.06000000,243772.07400000
2022-04-18,2988.07000000,3069.60000000,2883.22000000,3055.56000000,3055.56000000,510251.65360000
2022-04-19,3055.56000000,3131.00000000,3030.34000000,3101.77000000,3101.77000000,359375.00380000
2022-04-20,3101.74000000,3166.50000000,3036.45000000,3076.04000000,3076.04000000,415000.06850000
2022-04-21,3076.03000000,3180.00000000,2942.31000000,2983.58000000,2983.58000000,562699.69700000
2022-04-22,2983.57000000,3034.32000000,2930.35000000,2962.39000000,2962.39000000,452433.08200000
2022-04-23,2962.39000000,2978.03000000,2913.89000000,2933.03000000,2933.03000000,187576.73240000
2022-04-24,2933.04000000,2967.06000000,2912.09000000,2921.00000000,2921.00000000,218957.02220000
2022-04-25,2920.99000000,3025.65000000,2797.01000000,3006.62000000,3006.62000000,619198.36160000
2022-04-26,3006.63000000,3039.54000000,2767.00000000,2809.67000000,2809.67000000,531184.35040000
2022-04-27,2809.68000000,2919.87000000,2794.46000000,2888.96000000,2888.96000000,488951.24160000
2022-04-28,2888.95000000,2980.00000000,2853.83000000,2936.93000000,2936.93000000,537392.99780000
2022-04-29,2936.92000000,2946.46000000,2776.63000000,2817.13000000,2817.13000000,525978.14700000
2022-04-30,2817.13000000,2841.63000000,2709.26000000,2726.66000000,2726.66000000,367757.24690000
2022-05-01,2726.67000000,2849.90000000,2716.13000000,2824.81000000,2824.81000000,442544.87920000
2022-05-02,2824.81000000,2894.22000000,2778.78000000,2856.54000000,2856.54000000,521706.85670000
2022-05-03,2856.54000000,2861.47000000,2755.19000000,2781.70000000,2781.70000000,371331.17960000
2022-05-04,2781.70000000,2965.85000000,2771.74000000,2940.64000000,2940.64000000,548738.06680000
2022-05-05,2940.65000000,2954.65000000,2683.00000000,2747.97000000,2747.97000000,734845.31940000
2022-05-06,2747.96000000,2758.18000000,2632.95000000,2692.85000000,2692.85000000,711449.32340000
2022-05-07,2692.86000000,2704.36000000,2584.75000000,2635.34000000,2635.34000000,371271.45320000
2022-05-08,2635.35000000,2642.00000000,2484.00000000,2519.71000000,2519.71000000,757615.34150000
2022-05-09,2519.71000000,2530.78000000,2225.00000000,2228.55000000,2228.55000000,1574924.97930000
2022-05-10,2229.00000000,2457.34000000,2200.00000000,2342.05000000,2342.05000000,1550626.13870000
2022-05-11,2342.04000000,2451.37000000,2005.00000000,2084.99000000,2084.99000000,2022864.83806000
2022-05-12,2084.99000000,2195.00000000,1800.00000000,1960.22000000,1960.22000000,2305192.90836000
2022-05-13,1960.22000000,2147.54000000,1940.23000000,2009.69000000,2009.69000000,1134042.33870000
2022-05-14,2009.69000000,2070.06000000,1951.21000000,2056.48000000,2056.48000000,563788.30780000
2022-05-15,2056.47000000,2167.00000000,2000.68000000,2145.29000000,2145.29000000,514398.25870000
2022-05-16,2145.29000000,2145.29000000,1979.12000000,2023.66000000,2023.66000000,822070.85310000
2022-05-17,2023.66000000,2122.42000000,2008.00000000,2090.72000000,2090.72000000,568249.04480000
2022-05-18,2090.72000000,2110.72000000,1908.00000000,1915.11000000,1915.11000000,631577.23410000
2022-05-19,1915.11000000,2040.39000000,1903.18000000,2019.55000000,2019.55000000,741476.97940000
2022-05-20,2019.55000000,2064.00000000,1923.00000000,1959.08000000,1959.08000000,576981.53710000
2022-05-21,1959.08000000,1990.86000000,1937.36000000,1975.07000000,1975.07000000,238869.76320000
2022-05-22,1975.06000000,2056.41000000,1966.33000000,2043.19000000,2043.19000000,355735.19270000
2022-05-23,2043.19000000,2088.50000000,1957.12000000,1973.32000000,1973.32000000,636085.02240000
2022-05-24,1973.33000000,1993.83000000,1913.02000000,1979.41000000,1979.41000000,534096.97200000
2022-05-25,1979.40000000,2022.34000000,1934.61000000,1942.63000000,1942.63000000,524786.30910000
2022-05-26,1942.64000000,1966.01000000,1735.00000000,1792.23000000,1792.23000000,1168740.57514000
2022-05-27,1792.24000000,1822.26000000,1703.00000000,1727.27000000,1727.27000000,1296693.28537000
2022-05-28,1727.26000000,1808.98000000,1722.26000000,1792.22000000,1792.22000000,558271.18180000
2022-05-29,1792.21000000,1827.40000000,1759.96000000,1813.64000000,1813.64000000,432430.61100000
2022-05-30,1813.64000000,2013.00000000,1803.18000000,1998.78000000,1998.78000000,814922.83590000
2022-05-31,1998.78000000,2016.45000000,1925.00000000,1941.90000000,1941.90000000,751103.42260000
2022-06-01,1941.90000000,1972.58000000,1763.75000000,1817.95000000,1817.95000000,1037841.27060000
2022-06-02,1817.96000000,1853.05000000,1782.42000000,1834.08000000,1834.08000000,788784.40170000
2022-06-03,1834.09000000,1843.91000000,1737.00000000,1775.12000000,1775.12000000,741282.53460000
2022-06-04,1775.13000000,1816.00000000,1748.43000000,1804.58000000,1804.58000000,388279.45790000
2022-06-05,1804.58000000,1830.17000000,1773.05000000,1806.23000000,1806.23000000,371974.50610000
2022-06-06,1806.22000000,1920.00000000,1804.35000000,1859.84000000,1859.84000000,804250.35670000
2022-06-07,1859.84000000,1874.98000000,1725.13000000,1813.33000000,1813.33000000,1397598.22880000
2022-06-08,1813.33000000,1838.77000000,1765.28000000,1791.88000000,1791.88000000,941510.13730000
2022-06-09,1791.88000000,1833.00000000,1777.33000000,1788.81000000,1788.81000000,535310.96180000
2022-06-10,1788.80000000,1804.32000000,1655.93000000,1662.91000000,1662.91000000,955035.79239000
2022-06-11,1662.91000000,1682.21000000,1496.74000000,1532.89000000,1532.89000000,1220325.25420000
2022-06-12,1532.89000000,1547.00000000,1423.00000000,1434.84000000,1434.84000000,1563225.37018000
2022-06-13,1434.84000000,1455.00000000,1165.45000000,1209.82000000,1209.82000000,3626351.66536000
2022-06-14,1209.35000000,1268.45000000,1075.80000000,1208.90000000,1208.90000000,2716493.80131000
2022-06-15,1208.90000000,1250.00000000,1014.40000000,1237.52000000,1237.52000000,3114823.13621000
2022-06-16,1237.53000000,1257.85000000,1051.55000000,1068.50000000,1068.50000000,1447386.83040000
2022-06-17,1068.50000000,1118.00000000,1051.11000000,1086.94000000,1086.94000000,1220677.94910000
2022-06-18,1086.93000000,1097.58000000,881.56000000,995.13000000,995.13000000,2308983.51870000
2022-06-19,995.12000000,1158.62000000,936.15000000,1128.53000000,1128.53000000,2018599.44990000
2022-06-20,1128.53000000,1170.00000000,1053.00000000,1128.24000000,1128.24000000,1721772.91320000
2022-06-21,1128.24000000,1194.00000000,1109.23000000,1125.85000000,1125.85000000,1306095.37570000
2022-06-22,1125.86000000,1127.33000000,1043.65000000,1050.19000000,1050.19000000,1306959.85930000
2022-06-23,1050.19000000,1155.00000000,1045.30000000,1144.72000000,1144.72000000,1278257.08990000
2022-06-24,1144.71000000,1245.43000000,1132.00000000,1225.02000000,1225.02000000,1337137.48300000
2022-06-25,1225.02000000,1256.77000000,1180.00000000,1242.36000000,1242.36000000,861986.61770000
2022-06-26,1242.31000000,1280.00000000,1194.60000000,1197.79000000,1197.79000000,884184.27300000
2022-06-27,1197.79000000,1238.93000000,1172.49000000,1192.51000000,1192.51000000,868734.20610000
2022-06-28,1192.51000000,1237.99000000,1136.32000000,1144.05000000,1144.05000000,1104065.22110000
2022-06-29,1144.05000000,1156.80000000,1087.42000000,1100.21000000,1100.21000000,1295517.79600000
2022-06-30,1100.21000000,1106.62000000,998.00000000,1071.01000000,1071.01000000,1420670.36560000
2022-07-01,1071.02000000,1117.00000000,1033.44000000,1059.73000000,1059.73000000,1562255.14390000
2022-07-02,1059.73000000,1078.88000000,1028.29000000,1067.01000000,1067.01000000,714812.08040000
2022-07-03,1067.01000000,1088.34000000,1040.78000000,1074.26000000,1074.26000000,644746.33370000
2022-07-04,1074.26000000,1160.90000000,1045.37000000,1151.00000000,1151.00000000,1150108.98610000
2022-07-05,1151.01000000,1174.90000000,1076.34000000,1132.50000000,1132.50000000,1398961.44950000
2022-07-06,1132.51000000,1205.00000000,1111.44000000,1186.57000000,1186.57000000,1211768.07570000
2022-07-07,1186.57000000,1254.29000000,1163.18000000,1237.49000000,1237.49000000,1001316.07900000
2022-07-08,1237.49000000,1276.46000000,1193.15000000,1214.04000000,1214.04000000,1189518.36310000
2022-07-09,1214.03000000,1235.40000000,1204.67000000,1217.02000000,1217.02000000,576337.18090000
2022-07-10,1217.02000000,1219.95000000,1153.00000000,1168.36000000,1168.36000000,1018038.65060000
2022-07-11,1168.37000000,1171.29000000,1091.71000000,1096.40000000,1096.40000000,1201652.30480000
2022-07-12,1096.37000000,1098.26000000,1033.46000000,1038.58000000,1038.58000000,1261349.63210000
2022-07-13,1038.58000000,1119.18000000,1006.32000000,1115.00000000,1115.00000000,2035605.82990000
2022-07-14,1115.01000000,1214.65000000,1072.11000000,1193.42000000,1193.42000000,1605101.92620000
2022-07-15,1193.42000000,1287.82000000,1181.05000000,1231.25000000,1231.25000000,1466037.25840000
2022-07-16,1231.25000000,1422.91000000,1191.23000000,1355.85000000,1355.85000000,1493809.92260000
2022-07-17,1355.84000000,1387.00000000,1319.04000000,1338.65000000,1338.65000000,1246202.87950000
2022-07-18,1338.65000000,1597.47000000,1336.07000000,1581.04000000,1581.04000000,2029918.76521000
2022-07-19,1581.03000000,1631.00000000,1493.11000000,1542.32000000,1542.32000000,1846048.68160000
2022-07-20,1542.33000000,1620.40000000,1484.23000000,1521.58000000,1521.58000000,1351177.42470000
2022-07-21,1521.63000000,1605.98000000,1463.56000000,1575.45000000,1575.45000000,1247327.49630000
2022-07-22,1575.45000000,1650.05000000,1516.11000000,1535.27000000,1535.27000000,1170723.08730000
2022-07-23,1535.27000000,1596.51000000,1488.00000000,1548.67000000,1548.67000000,851284.73390000
2022-07-24,1548.66000000,1664.34000000,1545.67000000,1597.70000000,1597.70000000,1009935.89970000
2022-07-25,1597.70000000,1609.55000000,1435.58000000,1440.79000000,1440.79000000,1418390.98090000
2022-07-26,1440.79000000,1454.11000000,1356.17000000,1449.12000000,1449.12000000,1199643.74080000
2022-07-27,1449.12000000,1644.44000000,1420.83000000,1635.74000000,1635.74000000,1513426.04130000
2022-07-28,1635.74000000,1784.79000000,1593.27000000,1724.52000000,1724.52000000,1578145.07555000
2022-07-29,1724.52000000,1765.99000000,1655.02000000,1721.68000000,1721.68000000,1205266.57030000
2022-07-30,1721.68000000,1744.85000000,1673.01000000,1697.00000000,1697.00000000,735132.52860000
2022-07-31,1697.00000000,1754.69000000,1666.00000000,1678.12000000,1678.12000000,696326.80790000
2022-08-01,1678.12000000,1704.68000000,1606.12000000,1630.28000000,1630.28000000,801566.56480000
2022-08-02,1630.28000000,1678.00000000,1559.28000000,1630.91000000,1630.91000000,1081964.51040000
2022-08-03,1630.91000000,1685.03000000,1589.71000000,1618.16000000,1618.16000000,777724.74130000
2022-08-04,1618.16000000,1662.79000000,1580.39000000,1607.96000000,1607.96000000,735552.18100000
2022-08-05,1607.97000000,1742.07000000,1605.64000000,1736.81000000,1736.81000000,1005846.47120000
2022-08-06,1736.81000000,1749.93000000,1685.26000000,1690.60000000,1690.60000000,523314.64440000
2022-08-07,1690.60000000,1729.79000000,1668.00000000,1700.19000000,1700.19000000,439904.76400000
2022-08-08,1700.20000000,1818.00000000,1693.87000000,1777.05000000,1777.05000000,781620.54430000
2022-08-09,1777.05000000,1790.83000000,1667.93000000,1702.76000000,1702.76000000,818171.10190000
2022-08-10,1702.76000000,1885.00000000,1656.78000000,1853.57000000,1853.57000000,1317767.51270000
2022-08-11,1853.58000000,1942.00000000,1850.32000000,1880.19000000,1880.19000000,1105261.90090000
2022-08-12,1880.19000000,1964.71000000,1853.06000000,1958.28000000,1958.28000000,717628.10150000
2022-08-13,1958.28000000,2020.00000000,1946.50000000,1983.55000000,1983.55000000,695876.02930000
2022-08-14,1983.55000000,2030.00000000,1906.00000000,1935.31000000,1935.31000000,569583.48520000
2022-08-15,1935.32000000,2012.47000000,1872.31000000,1899.06000000,1899.06000000,949162.33050000
2022-08-16,1899.05000000,1915.00000000,1853.00000000,1876.67000000,1876.67000000,622729.14990000
2022-08-17,1876.67000000,1959.43000000,1818.74000000,1834.25000000,1834.25000000,951824.89750000
2022-08-18,1834.24000000,1882.37000000,1821.25000000,1846.39000000,1846.39000000,606254.02400000
2022-08-19,1846.39000000,1848.00000000,1602.37000000,1609.01000000,1609.01000000,1419826.95150000
2022-08-20,1609.00000000,1657.08000000,1523.67000000,1576.04000000,1576.04000000,914615.92260000
2022-08-21,1576.03000000,1646.52000000,1562.34000000,1618.13000000,1618.13000000,780662.60620000
2022-08-22,1618.13000000,1629.72000000,1529.92000000,1624.66000000,1624.66000000,941192.89540000
2022-08-23,1624.65000000,1676.07000000,1563.76000000,1665.41000000,1665.41000000,940246.93200000
2022-08-24,1665.40000000,1694.13000000,1604.92000000,1656.56000000,1656.56000000,744667.60780000
2022-08-25,1656.56000000,1722.00000000,1653.68000000,1695.11000000,1695.11000000,603090.71300000
2022-08-26,1695.11000000,1706.45000000,1486.85000000,1508.18000000,1508.18000000,1149912.82920000
2022-08-27,1508.18000000,1518.42000000,1447.52000000,1491.06000000,1491.06000000,756136.67680000
2022-08-28,1491.06000000,1511.00000000,1424.00000000,1426.76000000,1426.76000000,544846.44860000
2022-08-29,1426.76000000,1559.99000000,1422.08000000,1551.80000000,1551.80000000,826252.08310000
2022-08-30,1551.79000000,1606.13000000,1473.61000000,1524.59000000,1524.59000000,1003075.01720000
2022-08-31,1524.59000000,1619.78000000,1524.59000000,1554.10000000,1554.10000000,949227.67750000
2022-09-01,1554.11000000,1599.00000000,1512.77000000,1586.16000000,1586.16000000,728710.48200000
2022-09-02,1586.17000000,1650.00000000,1546.41000000,1575.35000000,1575.35000000,919009.65980000
2022-09-03,1575.35000000,1582.71000000,1534.28000000,1557.46000000,1557.46000000,321397.21890000
2022-09-04,1557.45000000,1583.66000000,1540.66000000,1579.28000000,1579.28000000,296591.11660000
2022-09-05,1579.29000000,1631.99000000,1556.56000000,1617.80000000,1617.80000000,503492.93700000
2022-09-06,1617.80000000,1687.40000000,1555.00000000,1559.01000000,1559.01000000,1010722.85780000
2022-09-07,1559.01000000,1657.50000000,1490.66000000,1630.00000000,1630.00000000,850991.42430000
2022-09-08,1630.00000000,1663.56000000,1595.06000000,1635.37000000,1635.37000000,645124.00850000
2022-09-09,1635.37000000,1746.13000000,1630.51000000,1718.23000000,1718.23000000,837458.21260000
2022-09-10,1718.24000000,1789.00000000,1706.03000000,1774.12000000,1774.12000000,411046.24660000
2022-09-11,1774.12000000,1789.00000000,1720.10000000,1766.11000000,1766.11000000,409287.72630000
2022-09-12,1766.12000000,1783.00000000,1693.00000000,1716.37000000,1716.37000000,630774.60320000
2022-09-13,1716.37000000,1760.51000000,1560.54000000,1574.40000000,1574.40000000,1134549.72560000
2022-09-14,1574.40000000,1647.01000000,1552.38000000,1638.39000000,1638.39000000,764562.53930000
2022-09-15,1638.40000000,1655.20000000,1458.00000000,1472.75000000,1472.75000000,1335499.80470000
2022-09-16,1472.76000000,1483.35000000,1405.52000000,1433.90000000,1433.90000000,693597.24250000
2022-09-17,1433.90000000,1476.13000000,1409.12000000,1468.83000000,1468.83000000,421391.37430000
2022-09-18,1468.82000000,1469.63000000,1325.55000000,1334.51000000,1334.51000000,804113.46800000
2022-09-19,1334.51000000,1393.35000000,1280.00000000,1375.98000000,1375.98000000,974855.19800000
2022-09-20,1375.98000000,1384.78000000,1312.71000000,1322.93000000,1322.93000000,658027.14650000
2022-09-21,1322.94000000,1408.90000000,1220.00000000,1245.78000000,1245.78000000,1192266.73790000
2022-09-22,1245.79000000,1350.08000000,1237.32000000,1326.46000000,1326.46000000,904282.27250000
2022-09-23,1326.47000000,1360.00000000,1262.15000000,1327.25000000,1327.25000000,974052.36440000
2022-09-24,1327.24000000,1349.33000000,1306.52000000,1317.13000000,1317.13000000,517557.34970000
2022-09-25,1317.13000000,1337.00000000,1269.27000000,1294.63000000,1294.63000000,515533.84090000
2022-09-26,1294.62000000,1340.42000000,1277.85000000,1336.17000000,1336.17000000,799166.43330000
2022-09-27,1336.17000000,1400.00000000,1303.75000000,1328.02000000,1328.02000000,860584.89440000
2022-09-28,1328.01000000,1355.70000000,1253.20000000,1337.20000000,1337.20000000,919314.91310000
2022-09-29,1337.20000000,1352.02000000,1288.52000000,1335.70000000,1335.70000000,770591.68950000
2022-09-30,1335.69000000,1373.19000000,1313.35000000,1328.72000000,1328.72000000,740753.61100000
2022-10-01,1328.71000000,1333.69000000,1302.68000000,1311.79000000,1311.79000000,252081.90560000
2022-10-02,1311.79000000,1317.93000000,1270.00000000,1276.72000000,1276.72000000,371740.04070000
2022-10-03,1276.72000000,1329.90000000,1263.04000000,1323.09000000,1323.09000000,483775.24350000
2022-10-04,1323.10000000,1369.55000000,1318.66000000,1361.49000000,1361.49000000,476207.67020000
2022-10-05,1361.50000000,1364.77000000,1316.29000000,1352.20000000,1352.20000000,483508.77820000
2022-10-06,1352.20000000,1383.99000000,1345.01000000,1352.06000000,1352.06000000,573975.32400000
2022-10-07,1352.07000000,1361.75000000,1317.26000000,1331.10000000,1331.10000000,491999.87760000
2022-10-08,1331.10000000,1337.35000000,1303.51000000,1315.48000000,1315.48000000,203391.66120000
2022-10-09,1315.48000000,1329.00000000,1307.26000000,1323.13000000,1323.13000000,186201.91850000
2022-10-10,1323.13000000,1338.00000000,1288.00000000,1290.03000000,1290.03000000,393663.01140000
2022-10-11,1290.03000000,1298.00000000,1267.01000000,1280.11000000,1280.11000000,429430.39410000
2022-10-12,1280.11000000,1306.87000000,1275.25000000,1294.44000000,1294.44000000,369712.57590000
2022-10-13,1294.44000000,1301.58000000,1190.00000000,1287.08000000,1287.08000000,945618.31630000
2022-10-14,1287.08000000,1343.12000000,1283.39000000,1296.27000000,1296.27000000,669742.80930000
2022-10-15,1296.26000000,1301.69000000,1263.64000000,1274.92000000,1274.92000000,287100.95290000
2022-10-16,1274.93000000,1315.35000000,1274.67000000,1305.95000000,1305.95000000,293321.36320000
2022-10-17,1305.96000000,1338.57000000,1295.64000000,1331.40000000,1331.40000000,459848.49410000
2022-10-18,1331.39000000,1341.73000000,1286.72000000,1310.71000000,1310.71000000,572728.91890000
2022-10-19,1310.71000000,1313.50000000,1280.31000000,1285.09000000,1285.09000000,368637.51050000
2022-10-20,1285.09000000,1310.87000000,1270.36000000,1282.57000000,1282.57000000,428531.61030000
2022-10-21,1282.57000000,1306.97000000,1252.65000000,1299.75000000,1299.75000000,468076.79860000
2022-10-22,1299.76000000,1320.20000000,1294.32000000,1313.61000000,1313.61000000,221776.70070000
2022-10-23,1313.62000000,1371.55000000,1299.44000000,1364.20000000,1364.20000000,432269.46000000
2022-10-24,1364.19000000,1370.60000000,1324.17000000,1343.61000000,1343.61000000,611830.79700000
2022-10-25,1343.61000000,1525.16000000,1334.94000000,1459.74000000,1459.74000000,1127932.90120000
2022-10-26,1459.74000000,1594.99000000,1457.44000000,1566.10000000,1566.10000000,1236044.70230000
2022-10-27,1566.11000000,1578.58000000,1503.20000000,1514.05000000,1514.05000000,869454.48510000
2022-10-28,1514.04000000,1574.90000000,1479.82000000,1554.41000000,1554.41000000,858954.44250000
2022-10-29,1554.40000000,1663.06000000,1547.66000000,1619.55000000,1619.55000000,914161.08460000
2022-10-30,1619.55000000,1640.06000000,1576.56000000,1590.44000000,1590.44000000,476036.42430000
2022-10-31,1590.45000000,1635.80000000,1545.43000000,1572.69000000,1572.69000000,810334.24140000
2022-11-01,1572.69000000,1612.92000000,1563.69000000,1578.48000000,1578.48000000,527539.29650000
2022-11-02,1578.47000000,1621.68000000,1502.32000000,1518.34000000,1518.34000000,981395.36480000
2022-11-03,1518.33000000,1559.01000000,1515.17000000,1531.01000000,1531.01000000,560202.88130000
2022-11-04,1531.01000000,1680.00000000,1528.40000000,1644.78000000,1644.78000000,935531.47810000
2022-11-05,1644.78000000,1666.97000000,1621.42000000,1626.98000000,1626.98000000,351385.53620000
2022-11-06,1626.98000000,1639.02000000,1564.39000000,1568.29000000,1568.29000000,414863.95250000
2022-11-07,1568.25000000,1608.04000000,1545.03000000,1568.10000000,1568.10000000,642409.44940000
2022-11-08,1568.09000000,1579.98000000,1233.00000000,1334.77000000,1334.77000000,2339916.50890000
2022-11-09,1334.78000000,1337.16000000,1073.53000000,1102.73000000,1102.73000000,2494797.93570000
2022-11-10,1102.73000000,1350.00000000,1085.93000000,1299.28000000,1299.28000000,1975955.67670000
2022-11-11,1299.28000000,1310.00000000,1201.26000000,1289.28000000,1289.28000000,1308087.14980000
2022-11-12,1289.35000000,1292.16000000,1238.70000000,1257.25000000,1257.25000000,547772.91720000
2022-11-13,1257.25000000,1274.23000000,1200.66000000,1221.49000000,1221.49000000,547410.53040000
2022-11-14,1221.50000000,1291.20000000,1171.13000000,1243.28000000,1243.28000000,934742.00590000
2022-11-15,1243.29000000,1291.00000000,1234.01000000,1253.23000000,1253.23000000,632825.56800000
2022-11-16,1253.22000000,1268.67000000,1187.06000000,1216.17000000,1216.17000000,673339.72150000
2022-11-17,1216.16000000,1228.22000000,1181.05000000,1200.43000000,1200.43000000,530537.34880000
2022-11-18,1200.42000000,1234.00000000,1199.18000000,1212.58000000,1212.58000000,360218.53370000
2022-11-19,1212.58000000,1235.00000000,1197.67000000,1217.67000000,1217.67000000,209789.58880000
2022-11-20,1217.67000000,1227.07000000,1132.65000000,1142.21000000,1142.21000000,531108.76070000
2022-11-21,1142.21000000,1146.99000000,1079.76000000,1107.34000000,1107.34000000,922647.94540000
2022-11-22,1107.34000000,1146.13000000,1075.00000000,1139.60000000,1139.60000000,748884.57910000
2022-11-23,1139.59000000,1190.00000000,1127.75000000,1184.52000000,1184.52000000,636927.15940000
2022-11-24,1184.52000000,1217.71000000,1180.60000000,1203.73000000,1203.73000000,486080.61230000
2022-11-25,1203.72000000,1207.77000000,1171.20000000,1199.30000000,1199.30000000,391430.16580000
2022-11-26,1199.29000000,1235.66000000,1196.20000000,1205.60000000,1205.60000000,379840.81160000
2022-11-27,1205.61000000,1223.33000000,1188.65000000,1193.88000000,1193.88000000,286386.79860000
2022-11-28,1193.88000000,1199.25000000,1151.02000000,1167.77000000,1167.77000000,478795.60930000
2022-11-29,1167.77000000,1228.37000000,1158.27000000,1216.49000000,1216.49000000,512143.58610000
2022-11-30,1216.49000000,1309.77000000,1212.50000000,1294.46000000,1294.46000000,815679.27170000
2022-12-01,1294.46000000,1299.90000000,1262.77000000,1276.41000000,1276.41000000,430018.73910000
2022-12-02,1276.40000000,1297.18000000,1265.24000000,1295.59000000,1295.59000000,371559.58500000
2022-12-03,1295.58000000,1309.00000000,1236.26000000,1240.51000000,1240.51000000,347148.25880000
2022-12-04,1240.50000000,1287.19000000,1240.10000000,1279.41000000,1279.41000000,324129.54660000
2022-12-05,1279.40000000,1305.11000000,1246.61000000,1259.41000000,1259.41000000,391628.51660000
2022-12-06,1259.41000000,1274.76000000,1241.56000000,1271.32000000,1271.32000000,301631.83900000
2022-12-07,1271.31000000,1278.69000000,1218.01000000,1231.18000000,1231.18000000,398559.51660000
2022-12-08,1231.18000000,1292.58000000,1222.01000000,1280.18000000,1280.18000000,406653.54470000
2022-12-09,1280.18000000,1296.64000000,1250.00000000,1263.10000000,1263.10000000,406008.00320000
2022-12-10,1263.11000000,1283.61000000,1259.60000000,1266.35000000,1266.35000000,182278.63960000
2022-12-11,1266.35000000,1284.75000000,1255.85000000,1263.01000000,1263.01000000,180494.90200000
2022-12-12,1263.00000000,1278.90000000,1240.03000000,1275.40000000,1275.40000000,363750.54810000
2022-12-13,1275.41000000,1349.00000000,1255.10000000,1320.69000000,1320.69000000,659393.88250000
2022-12-14,1320.69000000,1352.72000000,1301.00000000,1307.44000000,1307.44000000,554465.57170000
2022-12-15,1307.45000000,1311.14000000,1259.27000000,1266.54000000,1266.54000000,390051.24470000
2022-12-16,1266.53000000,1280.06000000,1155.32000000,1166.83000000,1166.83000000,751422.27790000
2022-12-17,1166.82000000,1190.03000000,1161.92000000,1187.16000000,1187.16000000,328881.62810000
2022-12-18,1187.16000000,1199.54000000,1170.32000000,1183.06000000,1183.06000000,252260.14400000
2022-12-19,1183.06000000,1195.00000000,1150.51000000,1167.82000000,1167.82000000,296832.72280000
2022-12-20,1167.82000000,1230.47000000,1163.12000000,1216.94000000,1216.94000000,465184.19430000
2022-12-21,1216.95000000,1223.39000000,1203.02000000,1213.78000000,1213.78000000,245723.83770000
2022-12-22,1213.78000000,1237.99000000,1182.54000000,1217.71000000,1217.71000000,336761.65980000
2022-12-23,1217.72000000,1231.99000000,1210.00000000,1219.99000000,1219.99000000,278604.28820000
2022-12-24,1219.98000000,1227.99000000,1214.69000000,1220.41000000,1220.41000000,123701.53010000
2022-12-25,1220.42000000,1225.00000000,1193.18000000,1218.51000000,1218.51000000,231652.06120000
2022-12-26,1218.52000000,1231.09000000,1211.67000000,1228.11000000,1228.11000000,162723.08570000
2022-12-27,1228.12000000,1233.73000000,1200.58000000,1211.55000000,1211.55000000,262437.63980000
2022-12-28,1211.55000000,1215.78000000,1181.06000000,1190.15000000,1190.15000000,367828.89140000
2022-12-29,1190.15000000,1206.57000000,1186.77000000,1200.49000000,1200.49000000,249130.48690000
2022-12-30,1200.48000000,1202.15000000,1181.08000000,1199.99000000,1199.99000000,266014.21150000
2022-12-31,1199.98000000,1208.46000000,1191.66000000,1196.13000000,1196.13000000,139379.28110000
2023-01-01,1196.13000000,1204.67000000,1190.57000000,1200.34000000,1200.34000000,117762.06850000
2023-01-02,1200.33000000,1224.29000000,1193.00000000,1214.00000000,1214.00000000,252794.14000000
2023-01-03,1213.99000000,1219.89000000,1204.93000000,1214.55000000,1214.55000000,205519.49440000
2023-01-04,1214.56000000,1272.60000000,1212.71000000,1256.90000000,1256.90000000,457799.66480000
2023-01-05,1256.91000000,1259.95000000,1242.81000000,1251.24000000,1251.24000000,272805.33000000
2023-01-06,1251.25000000,1276.70000000,1236.00000000,1269.14000000,1269.14000000,342344.20230000
2023-01-07,1269.13000000,1271.09000000,1261.30000000,1264.07000000,1264.07000000,129474.28840000
2023-01-08,1264.06000000,1296.00000000,1257.77000000,1290.16000000,1290.16000000,213636.78480000
2023-01-09,1290.15000000,1344.91000000,1285.44000000,1320.39000000,1320.39000000,581727.69680000
2023-01-10,1320.40000000,1347.69000000,1316.80000000,1335.62000000,1335.62000000,459660.23070000
2023-01-11,1335.63000000,1398.00000000,1321.04000000,1389.39000000,1389.39000000,472465.95560000
2023-01-12,1389.40000000,1438.00000000,1361.92000000,1415.92000000,1415.92000000,877712.44920000
2023-01-13,1415.91000000,1464.00000000,1401.03000000,1451.20000000,1451.20000000,499377.86490000
2023-01-14,1451.21000000,1599.98000000,1449.14000000,1549.90000000,1549.90000000,940691.77740000
2023-01-15,1549.91000000,1566.66000000,1516.03000000,1552.52000000,1552.52000000,387832.71380000
2023-01-16,1552.52000000,1604.50000000,1521.31000000,1576.94000000,1576.94000000,574622.89530000
2023-01-17,1576.94000000,1609.00000000,1541.15000000,1565.57000000,1565.57000000,506771.72190000
2023-01-18,1565.56000000,1610.00000000,1501.39000000,1511.43000000,1511.43000000,752534.88570000
2023-01-19,1511.44000000,1564.43000000,1509.15000000,1551.09000000,1551.09000000,308679.46450000
2023-01-20,1551.09000000,1669.90000000,1542.02000000,1658.52000000,1658.52000000,440570.99740000
2023-01-21,1658.53000000,1679.26000000,1616.21000000,1626.66000000,1626.66000000,494248.60090000
2023-01-22,1626.65000000,1663.89000000,1604.00000000,1627.44000000,1627.44000000,431729.69090000
2023-01-23,1627.43000000,1648.09000000,1585.29000000,1626.29000000,1626.29000000,407267.11560000
2023-01-24,1626.28000000,1641.46000000,1535.00000000,1555.97000000,1555.97000000,462275.32430000
2023-01-25,1555.97000000,1641.00000000,1518.00000000,1611.94000000,1611.94000000,646474.91660000
2023-01-26,1611.95000000,1632.84000000,1577.43000000,1601.09000000,1601.09000000,532777.84660000
2023-01-27,1601.08000000,1621.00000000,1552.54000000,1597.62000000,1597.62000000,512093.38750000
2023-01-28,1597.61000000,1606.83000000,1555.99000000,1572.10000000,1572.10000000,313675.65740000
2023-01-29,1572.10000000,1660.00000000,1566.33000000,1644.72000000,1644.72000000,551767.91340000
2023-01-30,1644.73000000,1647.53000000,1535.00000000,1566.20000000,1566.20000000,595055.32810000
2023-01-31,1566.21000000,1605.18000000,1561.63000000,1585.33000000,1585.33000000,348856.67510000
2023-02-01,1585.32000000,1647.77000000,1555.18000000,1641.68000000,1641.68000000,474617.17090000
2023-02-02,1641.67000000,1714.68000000,1626.85000000,1643.12000000,1643.12000000,629188.88740000
2023-02-03,1643.12000000,1676.00000000,1625.93000000,1663.52000000,1663.52000000,464815.03200000
2023-02-04,1663.52000000,1695.29000000,1645.43000000,1666.38000000,1666.38000000,308227.12950000
2023-02-05,1666.39000000,1673.81000000,1609.30000000,1629.02000000,1629.02000000,413579.67480000
2023-02-06,1629.01000000,1658.56000000,1605.01000000,1614.29000000,1614.29000000,384119.41970000
2023-02-07,1614.28000000,1678.37000000,1613.14000000,1671.03000000,1671.03000000,451922.40000000
2023-02-08,1671.03000000,1697.91000000,1630.47000000,1650.43000000,1650.43000000,417966.25390000
2023-02-09,1650.42000000,1656.17000000,1524.40000000,1545.35000000,1545.35000000,658011.69640000
2023-02-10,1545.35000000,1555.01000000,1490.00000000,1513.06000000,1513.06000000,484654.21990000
2023-02-11,1513.05000000,1543.00000000,1505.00000000,1538.51000000,1538.51000000,289691.57080000
2023-02-12,1538.50000000,1548.02000000,1493.08000000,1514.83000000,1514.83000000,286758.37400000
2023-02-13,1514.82000000,1526.10000000,1461.93000000,1505.24000000,1505.24000000,643152.39040000
2023-02-14,1505.25000000,1569.00000000,1482.66000000,1555.71000000,1555.71000000,668964.37680000
2023-02-15,1555.70000000,1680.00000000,1542.55000000,1674.92000000,1674.92000000,581207.85860000
2023-02-16,1674.92000000,1742.97000000,1633.72000000,1637.84000000,1637.84000000,832723.67310000
2023-02-17,1637.83000000,1722.00000000,1630.51000000,1693.87000000,1693.87000000,579934.66300000
2023-02-18,1693.81000000,1713.13000000,1679.77000000,1691.62000000,1691.62000000,267305.78130000
2023-02-19,1691.62000000,1726.59000000,1666.14000000,1679.75000000,1679.75000000,401023.04770000
2023-02-20,1679.74000000,1719.89000000,1650.56000000,1703.27000000,1703.27000000,451314.83350000
2023-02-21,1703.27000000,1716.66000000,1636.30000000,1659.76000000,1659.76000000,520354.46880000
2023-02-22,1659.77000000,1666.95000000,1595.07000000,1643.14000000,1643.14000000,528875.48090000
2023-02-23,1643.15000000,1679.00000000,1628.75000000,1650.53000000,1650.53000000,501305.97170000
2023-02-24,1650.52000000,1664.66000000,1575.64000000,1607.80000000,1607.80000000,512515.49820000
2023-02-25,1607.80000000,1608.98000000,1557.33000000,1594.58000000,1594.58000000,290188.03910000
2023-02-26,1594.58000000,1651.26000000,1587.76000000,1641.36000000,1641.36000000,308607.99410000
2023-02-27,1641.37000000,1665.22000000,1608.00000000,1633.45000000,1633.45000000,431861.41290000
2023-02-28,1633.45000000,1647.52000000,1596.66000000,1605.23000000,1605.23000000,393523.16470000
2023-03-01,1605.24000000,1669.72000000,1595.00000000,1665.22000000,1665.22000000,474456.82350000
2023-03-02,1665.23000000,1677.86000000,1619.18000000,1647.86000000,1647.86000000,423023.80820000
2023-03-03,1647.86000000,1649.25000000,1544.39000000,1569.45000000,1569.45000000,742816.59760000
2023-03-04,1569.45000000,1577.53000000,1549.12000000,1566.73000000,1566.73000000,237640.26060000
2023-03-05,1566.74000000,1588.77000000,1553.05000000,1564.58000000,1564.58000000,299240.74150000
2023-03-06,1564.57000000,1583.49000000,1554.44000000,1565.84000000,1565.84000000,307709.30110000
2023-03-07,1565.84000000,1584.49000000,1536.14000000,1561.96000000,1561.96000000,437947.90320000
2023-03-08,1561.95000000,1570.89000000,1523.61000000,1532.38000000,1532.38000000,460101.76580000
2023-03-09,1532.38000000,1546.45000000,1408.00000000,1437.32000000,1437.32000000,718485.13640000
2023-03-10,1437.32000000,1439.43000000,1368.39000000,1426.44000000,1426.44000000,960262.45090000
2023-03-11,1426.43000000,1478.07000000,1408.40000000,1471.97000000,1471.97000000,1374859.62010000
2023-03-12,1471.93000000,1594.19000000,1448.30000000,1580.33000000,1580.33000000,1002355.09290000
2023-03-13,1580.33000000,1693.49000000,1565.00000000,1673.45000000,1673.45000000,1228063.60530000
2023-03-14,1673.44000000,1780.02000000,1655.24000000,1699.40000000,1699.40000000,1283321.23550000
2023-03-15,1699.41000000,1716.90000000,1611.00000000,1649.96000000,1649.96000000,963142.48330000
2023-03-16,1649.95000000,1691.42000000,1632.18000000,1673.73000000,1673.73000000,627985.61190000
2023-03-17,1673.73000000,1800.00000000,1662.65000000,1789.27000000,1789.27000000,907528.28250000
2023-03-18,1789.26000000,1841.00000000,1747.47000000,1758.84000000,1758.84000000,711614.73100000
2023-03-19,1758.84000000,1841.36000000,1757.92000000,1780.68000000,1780.68000000,541131.89080000
2023-03-20,1780.67000000,1803.05000000,1722.00000000,1732.78000000,1732.78000000,682848.12480000
2023-03-21,1732.77000000,1835.00000000,1717.01000000,1801.23000000,1801.23000000,742348.49990000
2023-03-22,1801.23000000,1819.98000000,1710.12000000,1734.33000000,1734.33000000,891287.60090000
2023-03-23,1734.34000000,1857.16000000,1729.35000000,1813.79000000,1813.79000000,732061.10300000
2023-03-24,1813.78000000,1818.99000000,1726.40000000,1749.57000000,1749.57000000,564770.14170000
2023-03-25,1749.57000000,1763.23000000,1713.09000000,1741.88000000,1741.88000000,355679.37430000
2023-03-26,1741.88000000,1801.00000000,1739.31000000,1773.88000000,1773.88000000,354933.23720000
2023-03-27,1773.88000000,1780.48000000,1686.13000000,1715.22000000,1715.22000000,570563.50230000
2023-03-28,1715.21000000,1795.73000000,1701.13000000,1772.99000000,1772.99000000,536511.39730000
2023-03-29,1773.00000000,1827.99000000,1772.48000000,1793.07000000,1793.07000000,536865.59720000
2023-03-30,1793.06000000,1829.69000000,1763.00000000,1793.61000000,1793.61000000,579690.03940000
2023-03-31,1793.60000000,1847.28000000,1777.91000000,1821.52000000,1821.52000000,554525.47620000
2023-04-01,1821.52000000,1842.83000000,1807.81000000,1820.79000000,1820.79000000,272904.96740000
2023-04-02,1820.80000000,1824.81000000,1771.70000000,1794.51000000,1794.51000000,322122.93850000
2023-04-03,1794.51000000,1839.99000000,1762.77000000,1810.51000000,1810.51000000,628503.66190000
2023-04-04,1810.51000000,1891.91000000,1802.01000000,1870.37000000,1870.37000000,622208.64110000
2023-04-05,1870.38000000,1942.98000000,1864.58000000,1908.69000000,1908.69000000,548595.51550000
2023-04-06,1908.68000000,1909.91000000,1853.70000000,1872.41000000,1872.41000000,396241.43520000
2023-04-07,1872.41000000,1882.61000000,1841.46000000,1863.72000000,1863.72000000,284256.48730000
2023-04-08,1863.73000000,1879.38000000,1847.00000000,1848.82000000,1848.82000000,197905.54070000
2023-04-09,1848.82000000,1873.99000000,1824.01000000,1858.92000000,1858.92000000,287131.30790000
2023-04-10,1858.91000000,1918.79000000,1846.40000000,1910.20000000,1910.20000000,434739.79840000
2023-04-11,1910.21000000,1937.37000000,1881.11000000,1889.86000000,1889.86000000,405203.48920000
2023-04-12,1889.86000000,1933.00000000,1852.65000000,1917.39000000,1917.39000000,630844.41860000
2023-04-13,1917.40000000,2023.00000000,1899.55000000,2012.01000000,2012.01000000,676164.51880000
2023-04-14,2012.00000000,2128.76000000,2009.22000000,2099.99000000,2099.99000000,896307.39340000
2023-04-15,2099.99000000,2111.85000000,2071.13000000,2090.60000000,2090.60000000,321823.78510000
2023-04-16,2090.61000000,2141.54000000,2072.72000000,2118.67000000,2118.67000000,319880.43930000
2023-04-17,2118.66000000,2120.51000000,2056.25000000,2074.00000000,2074.00000000,426972.70710000
2023-04-18,2073.99000000,2125.00000000,2051.00000000,2103.50000000,2103.50000000,414244.61350000
2023-04-19,2103.51000000,2104.60000000,1923.03000000,1933.73000000,1933.73000000,775389.06020000
2023-04-20,1933.74000000,1982.99000000,1914.43000000,1942.98000000,1942.98000000,625336.24950000
2023-04-21,1942.98000000,1957.27000000,1825.00000000,1848.78000000,1848.78000000,688876.61860000
2023-04-22,1848.77000000,1887.31000000,1841.64000000,1874.16000000,1874.16000000,331007.58790000
2023-04-23,1874.17000000,1882.01000000,1836.37000000,1862.00000000,1862.00000000,344514.34440000
2023-04-24,1862.01000000,1890.00000000,1806.00000000,1841.84000000,1841.84000000,447864.05170000
2023-04-25,1841.84000000,1877.86000000,1801.66000000,1866.10000000,1866.10000000,457870.60470000
2023-04-26,1866.10000000,1964.72000000,1785.00000000,1866.01000000,1866.01000000,897709.72980000
2023-04-27,1866.01000000,1940.96000000,1861.19000000,1908.68000000,1908.68000000,727472.94660000
2023-04-28,1908.68000000,1923.88000000,1873.94000000,1890.94000000,1890.94000000,387630.77910000
2023-04-29,1890.93000000,1918.00000000,1883.05000000,1907.80000000,1907.80000000,182046.14060000
2023-04-30,1907.79000000,1939.00000000,1866.16000000,1870.09000000,1870.09000000,355336.48880000
2023-05-01,1870.08000000,1886.49000000,1806.12000000,1830.73000000,1830.73000000,445519.17790000
2023-05-02,1830.73000000,1881.87000000,1822.94000000,1870.08000000,1870.08000000,373753.20270000
2023-05-03,1870.09000000,1916.52000000,1842.64000000,1905.12000000,1905.12000000,465185.25010000
2023-05-04,1905.12000000,1918.26000000,1866.71000000,1877.07000000,1877.07000000,354528.61440000
2023-05-05,1877.07000000,1998.36000000,1875.65000000,1993.30000000,1993.30000000,546608.87500000
2023-05-06,1993.30000000,2019.00000000,1860.00000000,1896.33000000,1896.33000000,608106.99150000
2023-05-07,1896.33000000,1933.33000000,1867.59000000,1870.40000000,1870.40000000,413268.83570000
2023-05-08,1870.41000000,1883.97000000,1810.73000000,1847.56000000,1847.56000000,625316.61680000
2023-05-09,1847.55000000,1861.88000000,1830.99000000,1846.52000000,1846.52000000,304396.18600000
2023-05-10,1846.53000000,1887.47000000,1790.51000000,1840.84000000,1840.84000000,639933.38550000
2023-05-11,1840.83000000,1842.02000000,1772.68000000,1794.30000000,1794.30000000,522096.07250000
2023-05-12,1794.31000000,1818.63000000,1740.00000000,1807.45000000,1807.45000000,565539.83090000
2023-05-13,1807.45000000,1817.03000000,1785.23000000,1795.11000000,1795.11000000,212895.43730000
2023-05-14,1795.12000000,1824.00000000,1789.82000000,1799.21000000,1799.21000000,218101.09770000
2023-05-15,1799.20000000,1846.70000000,1785.05000000,1816.20000000,1816.20000000,388171.92610000
2023-05-16,1816.21000000,1832.64000000,1796.20000000,1824.21000000,1824.21000000,311238.67860000
2023-05-17,1824.21000000,1837.50000000,1783.68000000,1822.12000000,1822.12000000,352097.99130000
2023-05-18,1822.12000000,1831.92000000,1771.12000000,1800.56000000,1800.56000000,293755.31100000
2023-05-19,1800.56000000,1829.54000000,1796.81000000,1812.32000000,1812.32000000,243116.46760000
2023-05-20,1812.31000000,1828.87000000,1807.06000000,1819.42000000,1819.42000000,127754.43490000
2023-05-21,1819.42000000,1828.98000000,1797.21000000,1804.91000000,1804.91000000,161517.80530000
2023-05-22,1804.91000000,1828.27000000,1792.01000000,1817.35000000,1817.35000000,237498.94230000
2023-05-23,1817.36000000,1872.50000000,1815.24000000,1854.05000000,1854.05000000,396869.60970000
2023-05-24,1854.06000000,1854.09000000,1777.60000000,1799.89000000,1799.89000000,420846.14450000
2023-05-25,1799.89000000,1818.81000000,1761.41000000,1805.60000000,1805.60000000,350633.00890000
2023-05-26,1805.61000000,1838.20000000,1796.99000000,1827.79000000,1827.79000000,275690.68540000
2023-05-27,1827.80000000,1836.12000000,1812.18000000,1829.89000000,1829.89000000,138824.94060000
2023-05-28,1829.89000000,1918.65000000,1823.60000000,1908.64000000,1908.64000000,378392.43710000
2023-05-29,1908.64000000,1927.62000000,1873.65000000,1892.60000000,1892.60000000,313593.49420000
2023-05-30,1892.60000000,1917.00000000,1881.19000000,1900.59000000,1900.59000000,272665.84020000
2023-05-31,1900.58000000,1907.13000000,1846.95000000,1873.63000000,1873.63000000,319255.56810000
2023-06-01,1873.63000000,1889.20000000,1840.00000000,1861.78000000,1861.78000000,270496.60970000
2023-06-02,1861.78000000,1910.00000000,1847.51000000,1906.68000000,1906.68000000,313004.06580000
2023-06-03,1906.69000000,1907.92000000,1881.60000000,1892.06000000,1892.06000000,148818.24270000
2023-06-04,1892.05000000,1914.63000000,1884.22000000,1890.01000000,1890.01000000,172683.01190000
2023-06-05,1890.00000000,1890.63000000,1778.00000000,1810.50000000,1810.50000000,555361.26830000
2023-06-06,1810.49000000,1898.29000000,1797.18000000,1884.64000000,1884.64000000,491407.21740000
2023-06-07,1884.65000000,1897.80000000,1821.18000000,1832.13000000,1832.13000000,429196.70640000
2023-06-08,1832.12000000,1861.28000000,1828.31000000,1845.64000000,1845.64000000,189270.48530000
2023-06-09,1845.65000000,1855.00000000,1827.00000000,1840.37000000,1840.37000000,198324.32520000
2023-06-10,1840.37000000,1844.99000000,1715.03000000,1751.53000000,1751.53000000,652324.66950000
2023-06-11,1751.52000000,1778.25000000,1738.72000000,1752.76000000,1752.76000000,219956.24340000
2023-06-12,1752.77000000,1759.33000000,1720.00000000,1742.57000000,1742.57000000,302132.48190000
2023-06-13,1742.57000000,1770.13000000,1724.22000000,1740.12000000,1740.12000000,284268.00180000
2023-06-14,1740.12000000,1750.03000000,1630.43000000,1650.95000000,1650.95000000,415847.32700000
2023-06-15,1650.95000000,1680.91000000,1626.01000000,1666.96000000,1666.96000000,370774.76960000
2023-06-16,1666.96000000,1729.50000000,1649.86000000,1717.92000000,1717.92000000,311734.59040000
2023-06-17,1717.91000000,1770.00000000,1714.26000000,1727.76000000,1727.76000000,210914.92160000
2023-06-18,1727.75000000,1747.84000000,1712.00000000,1720.95000000,1720.95000000,156535.01280000
2023-06-19,1720.95000000,1752.19000000,1698.00000000,1737.11000000,1737.11000000,245162.75890000
2023-06-20,1737.10000000,1796.99000000,1714.72000000,1791.99000000,1791.99000000,328855.68460000
2023-06-21,1791.99000000,1901.00000000,1787.38000000,1889.11000000,1889.11000000,613755.88690000
2023-06-22,1889.10000000,1933.17000000,1865.98000000,1872.01000000,1872.01000000,416714.57190000
2023-06-23,1872.00000000,1936.42000000,1861.01000000,1892.63000000,1892.63000000,401147.93240000
2023-06-24,1892.63000000,1906.00000000,1864.77000000,1874.96000000,1874.96000000,226910.29410000
2023-06-25,1874.95000000,1930.00000000,1868.83000000,1898.80000000,1898.80000000,338757.61580000
2023-06-26,1898.80000000,1909.10000000,1837.18000000,1858.97000000,1858.97000000,458743.86100000
2023-06-27,1858.97000000,1912.53000000,1855.19000000,1889.58000000,1889.58000000,366634.57070000
2023-06-28,1889.58000000,1890.19000000,1816.56000000,1828.02000000,1828.02000000,337836.57920000
2023-06-29,1828.03000000,1880.00000000,1827.84000000,1851.99000000,1851.99000000,241844.82810000
2023-06-30,1851.99000000,1948.60000000,1825.01000000,1933.79000000,1933.79000000,716538.10350000
2023-07-01,1933.80000000,1944.56000000,1909.44000000,1924.50000000,1924.50000000,178373.36880000
2023-07-02,1924.50000000,1959.20000000,1885.75000000,1937.48000000,1937.48000000,255852.78320000
2023-07-03,1937.49000000,1976.16000000,1933.55000000,1955.54000000,1955.54000000,322102.42950000
2023-07-04,1955.55000000,1967.08000000,1931.58000000,1936.20000000,1936.20000000,205525.09840000
2023-07-05,1936.19000000,1942.50000000,1894.51000000,1910.36000000,1910.36000000,267633.47830000
2023-07-06,1910.35000000,1958.00000000,1846.00000000,1846.17000000,1846.17000000,456362.74100000
2023-07-07,1846.17000000,1878.00000000,1826.00000000,1870.91000000,1870.91000000,232944.34660000
2023-07-08,1870.92000000,1876.00000000,1842.80000000,1865.24000000,1865.24000000,125819.82730000
2023-07-09,1865.24000000,1879.36000000,1856.15000000,1862.80000000,1862.80000000,135046.37430000
2023-07-10,1862.81000000,1905.50000000,1846.63000000,1880.40000000,1880.40000000,247868.14940000
2023-07-11,1880.41000000,1891.99000000,1862.38000000,1878.30000000,1878.30000000,177771.61170000
2023-07-12,1878.31000000,1902.00000000,1864.37000000,1871.82000000,1871.82000000,264406.86730000
2023-07-13,1871.82000000,2012.63000000,1862.59000000,2004.49000000,2004.49000000,548861.42070000
2023-07-14,2004.49000000,2029.11000000,1898.39000000,1937.83000000,1937.83000000,498724.03590000
2023-07-15,1937.82000000,1946.37000000,1926.23000000,1931.41000000,1931.41000000,135181.76630000
2023-07-16,1931.41000000,1943.55000000,1914.00000000,1922.11000000,1922.11000000,148667.10510000
2023-07-17,1922.12000000,1936.18000000,1873.26000000,1911.20000000,1911.20000000,277159.03490000
2023-07-18,1911.21000000,1917.19000000,1875.73000000,1897.21000000,1897.21000000,215780.50060000
2023-07-19,1897.21000000,1922.04000000,1882.17000000,1888.63000000,1888.63000000,218045.00050000
2023-07-20,1888.64000000,1929.05000000,1878.00000000,1891.59000000,1891.59000000,292907.51640000
2023-07-21,1891.59000000,1905.74000000,1884.64000000,1891.73000000,1891.73000000,165554.04280000
2023-07-22,1891.73000000,1897.35000000,1851.18000000,1866.52000000,1866.52000000,131901.64870000
2023-07-23,1866.52000000,1905.25000000,1857.82000000,1888.73000000,1888.73000000,153501.01780000
2023-07-24,1888.74000000,1890.86000000,1833.19000000,1850.00000000,1850.00000000,276504.55470000
2023-07-25,1850.00000000,1868.71000000,1845.45000000,1857.66000000,1857.66000000,152251.21000000
2023-07-26,1857.66000000,1888.00000000,1848.35000000,1872.00000000,1872.00000000,272090.53330000
2023-07-27,1871.99000000,1886.11000000,1854.84000000,1861.28000000,1861.28000000,163766.42590000
2023-07-28,1861.29000000,1883.39000000,1856.52000000,1874.19000000,1874.19000000,138695.71470000
2023-07-29,1874.20000000,1886.58000000,1869.54000000,1880.46000000,1880.46000000,72867.02690000
2023-07-30,1880.45000000,1885.30000000,1848.17000000,1861.79000000,1861.79000000,158657.59020000
2023-07-31,1861.79000000,1877.40000000,1851.02000000,1856.14000000,1856.14000000,168204.45340000
2023-08-01,1856.13000000,1875.62000000,1813.80000000,1873.47000000,1873.47000000,358476.09660000
2023-08-02,1873.48000000,1879.74000000,1821.21000000,1839.90000000,1839.90000000,254213.05530000
2023-08-03,1839.90000000,1859.12000000,1826.00000000,1835.81000000,1835.81000000,171148.05200000
2023-08-04,1835.81000000,1851.31000000,1815.74000000,1830.23000000,1830.23000000,187699.45520000
2023-08-05,1830.24000000,1839.00000000,1827.50000000,1836.48000000,1836.48000000,93657.32550000
2023-08-06,1836.48000000,1838.58000000,1825.86000000,1830.28000000,1830.28000000,90403.99150000
2023-08-07,1830.28000000,1847.00000000,1802.00000000,1829.10000000,1829.10000000,224092.90590000
2023-08-08,1829.10000000,1876.51000000,1826.33000000,1856.30000000,1856.30000000,236336.03000000
2023-08-09,1856.30000000,1871.99000000,1846.28000000,1855.35000000,1855.35000000,191926.83430000
2023-08-10,1855.36000000,1865.95000000,1845.38000000,1852.47000000,1852.47000000,127321.45530000
2023-08-11,1852.47000000,1857.26000000,1838.05000000,1848.84000000,1848.84000000,113209.31030000
2023-08-12,1848.84000000,1854.01000000,1846.08000000,1849.93000000,1849.93000000,63292.64760000
2023-08-13,1849.94000000,1862.00000000,1834.51000000,1840.73000000,1840.73000000,120674.13640000
2023-08-14,1840.73000000,1856.50000000,1835.00000000,1845.50000000,1845.50000000,150196.12030000
2023-08-15,1845.50000000,1847.36000000,1814.00000000,1828.98000000,1828.98000000,186081.69890000
2023-08-16,1828.98000000,1831.52000000,1798.17000000,1807.81000000,1807.81000000,205430.73680000
2023-08-17,1807.81000000,1809.99000000,1550.00000000,1681.49000000,1681.49000000,812138.21590000
2023-08-18,1681.49000000,1699.40000000,1641.02000000,1661.59000000,1661.59000000,538083.10180000
2023-08-19,1661.60000000,1696.72000000,1654.31000000,1669.67000000,1669.67000000,231919.04850000
2023-08-20,1669.68000000,1694.75000000,1662.03000000,1685.24000000,1685.24000000,195623.52630000
2023-08-21,1685.23000000,1688.59000000,1649.40000000,1667.55000000,1667.55000000,250835.15180000
2023-08-22,1667.56000000,1669.38000000,1580.00000000,1634.99000000,1634.99000000,402012.04500000
2023-08-23,1635.00000000,1702.11000000,1629.05000000,1679.61000000,1679.61000000,374761.10880000
2023-08-24,1679.61000000,1683.37000000,1635.28000000,1661.16000000,1661.16000000,231539.78050000
2023-08-25,1661.16000000,1677.22000000,1635.51000000,1653.80000000,1653.80000000,236261.68980000
2023-08-26,1653.79000000,1655.59000000,1644.00000000,1647.04000000,1647.04000000,79175.42500000
2023-08-27,1647.03000000,1660.24000000,1646.32000000,1658.33000000,1658.33000000,87789.91960000
2023-08-28,1658.33000000,1664.34000000,1621.75000000,1653.08000000,1653.08000000,214351.01430000
2023-08-29,1653.08000000,1745.84000000,1640.00000000,1729.42000000,1729.42000000,494371.08230000
2023-08-30,1729.41000000,1730.93000000,1694.34000000,1705.23000000,1705.23000000,202841.44020000
2023-08-31,1705.23000000,1729.00000000,1630.00000000,1645.76000000,1645.76000000,330518.26680000
2023-09-01,1645.77000000,1654.53000000,1602.33000000,1629.12000000,1629.12000000,302406.16860000
2023-09-02,1629.13000000,1645.00000000,1628.03000000,1637.03000000,1637.03000000,102145.94760000
2023-09-03,1637.02000000,1647.50000000,1625.14000000,1635.84000000,1635.84000000,116767.28620000
2023-09-04,1635.84000000,1644.82000000,1616.32000000,1630.51000000,1630.51000000,168010.90560000
2023-09-05,1630.52000000,1648.02000000,1609.69000000,1634.45000000,1634.45000000,204365.49070000
2023-09-06,1634.46000000,1670.00000000,1609.20000000,1633.15000000,1633.15000000,219541.01930000
2023-09-07,1633.15000000,1660.00000000,1623.40000000,1648.11000000,1648.11000000,228558.27820000
2023-09-08,1648.11000000,1658.93000000,1616.21000000,1636.44000000,1636.44000000,221570.04580000
2023-09-09,1636.43000000,1637.52000000,1629.74000000,1635.54000000,1635.54000000,58519.62290000
2023-09-10,1635.53000000,1635.70000000,1600.00000000,1617.42000000,1617.42000000,207957.84280000
2023-09-11,1617.42000000,1619.00000000,1531.01000000,1551.85000000,1551.85000000,417424.81890000
2023-09-12,1551.84000000,1626.00000000,1549.67000000,1592.97000000,1592.97000000,329739.96850000
2023-09-13,1592.97000000,1619.30000000,1581.88000000,1607.62000000,1607.62000000,223409.28890000
2023-09-14,1607.61000000,1644.29000000,1607.05000000,1626.47000000,1626.47000000,275301.15050000
2023-09-15,1626.48000000,1654.08000000,1611.42000000,1641.29000000,1641.29000000,181340.02400000
2023-09-16,1641.30000000,1653.17000000,1631.31000000,1634.40000000,1634.40000000,99555.46710000
2023-09-17,1634.40000000,1635.00000000,1612.00000000,1622.48000000,1622.48000000,120227.41170000
2023-09-18,1622.48000000,1669.50000000,1603.88000000,1636.66000000,1636.66000000,279041.69780000
2023-09-19,1636.66000000,1661.04000000,1626.32000000,1643.12000000,1643.12000000,184282.42580000
2023-09-20,1643.13000000,1649.34000000,1604.51000000,1622.26000000,1622.26000000,232844.23470000
2023-09-21,1622.27000000,1625.30000000,1567.77000000,1583.94000000,1583.94000000,240627.54400000
2023-09-22,1583.94000000,1602.68000000,1576.58000000,1593.08000000,1593.08000000,124886.09100000
2023-09-23,1593.07000000,1598.24000000,1587.45000000,1593.86000000,1593.86000000,64537.13410000
2023-09-24,1593.85000000,1601.12000000,1570.01000000,1580.71000000,1580.71000000,137517.85330000
2023-09-25,1580.71000000,1597.50000000,1563.01000000,1588.33000000,1588.33000000,176706.92770000
2023-09-26,1588.34000000,1599.78000000,1580.05000000,1594.01000000,1594.01000000,125583.01610000
2023-09-27,1594.02000000,1634.10000000,1583.50000000,1598.64000000,1598.64000000,274404.43280000
2023-09-28,1598.63000000,1668.21000000,1598.14000000,1652.99000000,1652.99000000,331409.70150000
2023-09-29,1653.00000000,1688.00000000,1648.37000000,1667.45000000,1667.45000000,251975.67280000
2023-09-30,1667.45000000,1694.32000000,1666.19000000,1670.89000000,1670.89000000,136924.91410000
2023-10-01,1670.89000000,1751.00000000,1668.00000000,1733.79000000,1733.79000000,225611.58680000
2023-10-02,1733.80000000,1744.00000000,1636.79000000,1662.40000000,1662.40000000,378575.68980000
2023-10-03,1662.41000000,1670.65000000,1643.00000000,1656.88000000,1656.88000000,198287.11640000
2023-10-04,1656.88000000,1657.66000000,1625.00000000,1646.58000000,1646.58000000,222861.71670000
2023-10-05,1646.58000000,1655.47000000,1606.73000000,1611.79000000,1611.79000000,237378.74490000
2023-10-06,1611.79000000,1662.00000000,1611.68000000,1645.03000000,1645.03000000,220507.92860000
2023-10-07,1645.03000000,1647.71000000,1630.03000000,1633.57000000,1633.57000000,101241.57320000
2023-10-08,1633.56000000,1641.40000000,1616.17000000,1632.84000000,1632.84000000,149424.66350000
2023-10-09,1632.85000000,1636.00000000,1546.00000000,1580.13000000,1580.13000000,340141.09880000
2023-10-10,1580.13000000,1594.90000000,1550.55000000,1567.63000000,1567.63000000,240659.32870000
2023-10-11,1567.62000000,1578.43000000,1544.26000000,1566.87000000,1566.87000000,260253.96710000
2023-10-12,1566.86000000,1568.56000000,1521.00000000,1539.61000000,1539.61000000,237221.49770000
2023-10-13,1539.61000000,1575.36000000,1537.76000000,1552.16000000,1552.16000000,192205.87360000
2023-10-14,1552.16000000,1561.72000000,1544.55000000,1554.94000000,1554.94000000,100314.67540000
2023-10-15,1554.94000000,1567.62000000,1547.44000000,1557.77000000,1557.77000000,120311.27380000
2023-10-16,1557.78000000,1639.43000000,1555.06000000,1599.42000000,1599.42000000,418510.86440000
2023-10-17,1599.41000000,1600.53000000,1551.08000000,1565.01000000,1565.01000000,234817.06990000
2023-10-18,1565.01000000,1585.42000000,1555.88000000,1563.44000000,1563.44000000,177750.22530000
2023-10-19,1563.45000000,1574.45000000,1541.61000000,1566.57000000,1566.57000000,216217.66750000
2023-10-20,1566.57000000,1630.40000000,1561.19000000,1603.89000000,1603.89000000,315995.79200000
2023-10-21,1603.88000000,1644.53000000,1592.36000000,1628.94000000,1628.94000000,176419.40920000
2023-10-22,1628.94000000,1667.80000000,1621.10000000,1663.70000000,1663.70000000,228650.92250000
2023-10-23,1663.69000000,1800.00000000,1657.07000000,1765.46000000,1765.46000000,610931.96630000
2023-10-24,1765.47000000,1854.38000000,1756.21000000,1784.98000000,1784.98000000,674055.13750000
2023-10-25,1784.98000000,1817.69000000,1760.00000000,1787.15000000,1787.15000000,354410.82940000
2023-10-26,1787.15000000,1865.54000000,1762.21000000,1803.38000000,1803.38000000,431169.04530000
2023-10-27,1803.39000000,1803.91000000,1744.66000000,1779.40000000,1779.40000000,274532.69210000
2023-10-28,1779.41000000,1803.23000000,1770.00000000,1776.20000000,1776.20000000,122919.73820000
2023-10-29,1776.21000000,1811.30000000,1762.66000000,1795.14000000,1795.14000000,144110.65080000
2023-10-30,1795.14000000,1829.84000000,1777.77000000,1809.04000000,1809.04000000,277686.19200000
2023-10-31,1809.03000000,1819.41000000,1780.99000000,1814.67000000,1814.67000000,258074.57960000
2023-11-01,1814.67000000,1857.66000000,1783.19000000,1846.99000000,1846.99000000,471921.61840000
2023-11-02,1846.99000000,1875.00000000,1785.01000000,1800.80000000,1800.80000000,368738.21930000
2023-11-03,1800.79000000,1834.58000000,1777.11000000,1832.71000000,1832.71000000,315000.26780000
2023-11-04,1832.70000000,1869.90000000,1824.03000000,1855.54000000,1855.54000000,171538.03640000
2023-11-05,1855.54000000,1912.67000000,1846.11000000,1891.71000000,1891.71000000,383106.76280000
2023-11-06,1891.71000000,1914.23000000,1868.48000000,1900.95000000,1900.95000000,328746.23940000
2023-11-07,1900.95000000,1906.99000000,1850.32000000,1885.27000000,1885.27000000,332419.44060000
2023-11-08,1885.26000000,1904.69000000,1872.51000000,1888.12000000,1888.12000000,247881.09970000
2023-11-09,1888.11000000,2132.00000000,1882.07000000,2121.32000000,2121.32000000,1100330.32370000
2023-11-10,2121.33000000,2136.99000000,2064.61000000,2077.72000000,2077.72000000,555573.64950000
2023-11-11,2077.72000000,2089.60000000,2030.30000000,2053.17000000,2053.17000000,370966.03720000
2023-11-12,2053.16000000,2066.50000000,2012.10000000,2044.68000000,2044.68000000,281907.55900000
2023-11-13,2044.69000000,2118.00000000,2028.49000000,2053.65000000,2053.65000000,529143.58150000
2023-11-14,2053.65000000,2064.96000000,1936.60000000,1979.39000000,1979.39000000,481909.73300000
2023-11-15,1979.40000000,2062.40000000,1967.01000000,2058.48000000,2058.48000000,421870.80320000
2023-11-16,2058.49000000,2090.40000000,1939.10000000,1961.77000000,1961.77000000,545286.12970000
2023-11-17,1961.77000000,1991.50000000,1904.00000000,1960.82000000,1960.82000000,401100.50690000
2023-11-18,1960.82000000,1971.22000000,1916.00000000,1962.60000000,1962.60000000,279368.22080000
2023-11-19,1962.59000000,2015.75000000,1942.89000000,2011.47000000,2011.47000000,251132.61920000
2023-11-20,2011.47000000,2066.40000000,1990.00000000,2021.40000000,2021.40000000,421717.67900000
2023-11-21,2021.41000000,2034.60000000,1931.43000000,1933.01000000,1933.01000000,490163.98630000
2023-11-22,1933.01000000,2092.46000000,1928.41000000,2063.21000000,2063.21000000,466120.51090000
2023-11-23,2063.22000000,2088.94000000,2040.35000000,2062.20000000,2062.20000000,250960.69580000
2023-11-24,2062.21000000,2133.02000000,2059.37000000,2080.84000000,2080.84000000,426932.54020000
2023-11-25,2080.84000000,2090.54000000,2065.30000000,2083.09000000,2083.09000000,138847.39300000
2023-11-26,2083.10000000,2094.99000000,2036.42000000,2062.33000000,2062.33000000,241262.91360000
2023-11-27,2062.34000000,2071.24000000,1985.78000000,2027.50000000,2027.50000000,326073.22980000
2023-11-28,2027.50000000,2075.00000000,1995.15000000,2048.14000000,2048.14000000,283775.92790000
2023-11-29,2048.14000000,2075.70000000,2019.31000000,2028.81000000,2028.81000000,254843.73190000
2023-11-30,2028.80000000,2054.75000000,2020.85000000,2051.96000000,2051.96000000,243680.09210000
2023-12-01,2051.95000000,2110.87000000,2045.04000000,2087.24000000,2087.24000000,372645.58600000
2023-12-02,2087.24000000,2186.60000000,2086.25000000,2164.74000000,2164.74000000,320979.97680000
2023-12-03,2164.75000000,2217.27000000,2149.00000000,2192.95000000,2192.95000000,257879.11360000
2023-12-04,2192.96000000,2274.28000000,2191.00000000,2243.37000000,2243.37000000,565307.71340000
2023-12-05,2243.36000000,2309.72000000,2188.33000000,2293.33000000,2293.33000000,529829.72140000
2023-12-06,2293.33000000,2312.23000000,2220.00000000,2232.70000000,2232.70000000,408338.90560000
2023-12-07,2232.70000000,2382.80000000,2222.00000000,2355.73000000,2355.73000000,485190.06090000
2023-12-08,2355.74000000,2392.00000000,2336.34000000,2358.72000000,2358.72000000,378569.81260000
2023-12-09,2358.71000000,2403.00000000,2328.01000000,2340.49000000,2340.49000000,287771.06640000
2023-12-10,2340.48000000,2377.47000000,2320.00000000,2352.39000000,2352.39000000,200037.21020000
2023-12-11,2352.39000000,2355.00000000,2156.62000000,2225.12000000,2225.12000000,640414.91660000
2023-12-12,2225.11000000,2244.12000000,2166.00000000,2203.46000000,2203.46000000,361588.90870000
2023-12-13,2203.47000000,2284.02000000,2144.32000000,2260.16000000,2260.16000000,418916.61540000
2023-12-14,2260.16000000,2332.11000000,2228.20000000,2315.32000000,2315.32000000,409508.09310000
2023-12-15,2315.32000000,2317.81000000,2200.00000000,2220.50000000,2220.50000000,333552.63280000
2023-12-16,2220.51000000,2263.40000000,2210.00000000,2228.96000000,2228.96000000,199285.92300000
2023-12-17,2228.96000000,2248.68000000,2191.50000000,2196.52000000,2196.52000000,225925.76750000
2023-12-18,2196.53000000,2224.00000000,2116.60000000,2219.43000000,2219.43000000,364103.11810000
2023-12-19,2219.44000000,2255.00000000,2135.55000000,2177.91000000,2177.91000000,383551.40490000
2023-12-20,2177.90000000,2266.00000000,2156.00000000,2202.17000000,2202.17000000,416841.62720000
2023-12-21,2202.17000000,2279.31000000,2182.98000000,2239.61000000,2239.61000000,453069.72520000
2023-12-22,2239.60000000,2343.15000000,2230.59000000,2324.54000000,2324.54000000,591357.48800000
2023-12-23,2324.54000000,2330.65000000,2265.00000000,2308.20000000,2308.20000000,255626.93520000
2023-12-24,2308.20000000,2326.19000000,2245.00000000,2264.05000000,2264.05000000,307951.07600000
2023-12-25,2264.04000000,2304.80000000,2253.10000000,2271.35000000,2271.35000000,286277.16160000
2023-12-26,2271.36000000,2274.99000000,2178.45000000,2230.88000000,2230.88000000,410413.15910000
2023-12-27,2230.88000000,2392.44000000,2211.88000000,2378.35000000,2378.35000000,541537.35740000
2023-12-28,2378.35000000,2445.80000000,2335.00000000,2344.15000000,2344.15000000,580459.98200000
2023-12-29,2344.15000000,2385.41000000,2255.34000000,2299.20000000,2299.20000000,450201.20690000
2023-12-30,2299.20000000,2322.84000000,2268.00000000,2291.68000000,2291.68000000,210539.13270000
2023-12-31,2291.68000000,2321.34000000,2258.88000000,2281.87000000,2281.87000000,222175.87790000
2024-01-01,2281.87000000,2352.37000000,2265.24000000,2352.04000000,2352.04000000,216702.69140000
